cities,,link
Alhué,2,https://departamento.mercadolibre.cl/MLC-1386881703-departamento-amoblado-remodelado-metro-santa-ana-_JM
Alhué,1,https://departamento.mercadolibre.cl/MLC-1393283503-departamento-en-arriendo-de-2-dorm-en-nunoa-_JM
Alhué,0,https://departamento.mercadolibre.cl/MLC-1394059675-departamento-en-arriendo-de-2-dorm-en-vitacura-_JM
Buin,8,https://departamento.mercadolibre.cl/MLC-1389813909-excelente-oportunidad-de-departamento-en-vista-linderos-_JM
Buin,9,https://departamento.mercadolibre.cl/MLC-1386700937-departamento-tte-merino-id-108534-_JM
Buin,4,https://departamento.mercadolibre.cl/MLC-1392661987-departamento-en-arriendo-de-3-dorm-en-buin-_JM
Buin,3,https://departamento.mercadolibre.cl/MLC-1660642636-amplio-y-luminoso-departamento-en-vista-linderos-_JM
Buin,5,https://departamento.mercadolibre.cl/MLC-1388774171-arriendo-tte-merino-2972-_JM
Cerrillos,13,https://departamento.mercadolibre.cl/MLC-1394483983-ref13655-arriendo-depto-nuevo-2d2b-estacionamient-_JM
Cerrillos,14,https://departamento.mercadolibre.cl/MLC-1394425873-ref13688-arriendo-depto-nuevo-2d2b-estacionamien-_JM
Cerrillos,11,https://departamento.mercadolibre.cl/MLC-1392898853-arriendo-depto-en-orizaba-642-cerrillos-_JM
Cerrillos,10,https://departamento.mercadolibre.cl/MLC-1393534507-departamento-en-arriendo-de-2-dorm-en-cerrillos-_JM
Cerrillos,18,https://departamento.mercadolibre.cl/MLC-1391707093-arriendo-departamento-en-cerrillos-_JM
Cerro Navia,23,https://departamento.mercadolibre.cl/MLC-1390671119-arriendo-departamento-cerro-navia-_JM
Cerro Navia,21,https://departamento.mercadolibre.cl/MLC-1659604396-departamento-en-arriendo-de-1-dorm-en-cerro-navia-_JM
Cerro Navia,20,https://departamento.mercadolibre.cl/MLC-1394698003-dep-en-arriendo-de-2d-y-1b-gastos-comunes-incluidos-l-_JM
Cerro Navia,22,https://departamento.mercadolibre.cl/MLC-1392264705-departamento-en-arriendo-de-2-dorm-en-cerro-navia-_JM
Colina,42,https://departamento.mercadolibre.cl/MLC-1723921960-loft-en-chicureo-_JM
Colina,25,https://departamento.mercadolibre.cl/MLC-1391882053-duplex-townhouse-chicureo-_JM
Colina,36,https://departamento.mercadolibre.cl/MLC-1724772732-chicureo-casa-4habitaciones-4banos-id-w4904-_JM
Colina,29,https://departamento.mercadolibre.cl/MLC-1391883913-departamento-en-arriendo-de-3-dorm-en-colina-_JM
Colina,30,https://departamento.mercadolibre.cl/MLC-1719150662-departamento-en-exclusivo-condominio-_JM
Conchalí,86,https://departamento.mercadolibre.cl/MLC-1391915901-1d43-1b-est-y-bod-vecinal-1636-conchali-_JM
Conchalí,78,https://departamento.mercadolibre.cl/MLC-1390409347-departamento-en-arriendo-de-2-dorm-en-conchali-_JM
Conchalí,97,https://departamento.mercadolibre.cl/MLC-1724797880-amplio-departamento-metro-los-libertadores-3-dormitorios-_JM
Conchalí,117,https://departamento.mercadolibre.cl/MLC-1707697990-departamento-a-una-cuadra-del-mall-3-dorm-1-bano-1-estacio-_JM
Conchalí,123,https://departamento.mercadolibre.cl/MLC-1704934886-departamento-independiente-dos-dormitorios-cocina-bano-_JM
El Bosque,126,https://departamento.mercadolibre.cl/MLC-1740406580-arriendo-depto-3d-1b-comuna-el-bosque-paradero-39-gran-av-_JM
El Bosque,129,https://departamento.mercadolibre.cl/MLC-1716316584-se-arrienda-lindo-dpto-3d1bbog-estac-av-lo-espejo-_JM
El Bosque,127,https://departamento.mercadolibre.cl/MLC-1717957422-departamento-a-una-cuadra-del-paradero-30-de-gran-avenida-_JM
El Bosque,124,https://departamento.mercadolibre.cl/MLC-1393599177-departamento-en-el-bosque-recientemente-remodelado-_JM
El Bosque,130,https://departamento.mercadolibre.cl/MLC-1723933058-se-arrienda-lindo-dpto-3d1bbog-estac-av-lo-espejo-_JM
Estación Central,811,https://departamento.mercadolibre.cl/MLC-1726433430-promo-depto-1d1b-av-victor-jara-estacion-central-_JM
Estación Central,502,https://departamento.mercadolibre.cl/MLC-1393617903-sin-aval-ver-promocion-2d-43-1b-y-estacionamiento-_JM
Estación Central,812,https://departamento.mercadolibre.cl/MLC-1389437475-promo-depto-2d1b-estacionamiento-metro-ecuador-_JM
Estación Central,780,https://departamento.mercadolibre.cl/MLC-1743183116-arrendamos-departamento-en-piso-13cercano-a-metro-padre-alb-_JM
Estación Central,714,https://departamento.mercadolibre.cl/MLC-1746007676-arrienda-sin-aval-depto-3d-2b-estac-y-bodega-metro-ecuador-_JM
Huechuraba,1279,https://departamento.mercadolibre.cl/MLC-1719645480-comodo-departamento-luminoso-4d3b-piso-5-asesores-_JM
Huechuraba,1260,https://departamento.mercadolibre.cl/MLC-1386042563-condominio-bosques-de-la-piramide-edificio-las-higueras-_JM
Huechuraba,1261,https://departamento.mercadolibre.cl/MLC-1388598025-condominio-bosques-de-la-piramide-ciudad-empresarial-_JM
Huechuraba,1163,https://departamento.mercadolibre.cl/MLC-1740066442-departamento-amoblado-en-arriendo-de-3-dorm-en-huechuraba-_JM
Huechuraba,1164,https://departamento.mercadolibre.cl/MLC-1394109033-departamento-amoblado-en-arriendo-de-3-dorm-en-huechuraba-_JM
Independencia,1616,https://departamento.mercadolibre.cl/MLC-1702419880-arriendo-departamento-independencia-2-dormitorios-1-bano-_JM
Independencia,1552,https://departamento.mercadolibre.cl/MLC-1383454525-dpto-2h-1b-calle-alto-colon-metro-hospitales-_JM
Independencia,1923,https://departamento.mercadolibre.cl/MLC-1682382144-av-independencia-1815-primer-mes-con-rebaja-del-50-_JM
Independencia,1990,https://departamento.mercadolibre.cl/MLC-1385906357-dpto-excelente-vista-a-pasos-del-metro-plaza-chacabuco-_JM
Independencia,1557,https://departamento.mercadolibre.cl/MLC-1393357593-oportunidad-renta-a-mitad-de-precio-metro-plaza-chacabuco-_JM
La Cisterna,2887,https://departamento.mercadolibre.cl/MLC-1710711156-departamento-1d1b-la-cisterna-a-pasos-del-metro-lo-ovalle-_JM
La Cisterna,2364,https://departamento.mercadolibre.cl/MLC-1393268845-lo-ovalle-_JM
La Cisterna,2690,https://departamento.mercadolibre.cl/MLC-1690981452-depto-2-dormitorios-1-bano-2633-_JM
La Cisterna,2813,https://departamento.mercadolibre.cl/MLC-1704766668-depto-2-dormitorios-1-bano-2956-_JM
La Cisterna,2815,https://departamento.mercadolibre.cl/MLC-1388788745-depto-2-dormitorios-1-bano-2957-_JM
La Florida,3988,https://departamento.mercadolibre.cl/MLC-1718482192-metro-vicente-valdes-_JM
La Florida,3735,https://departamento.mercadolibre.cl/MLC-1381909999-sin-pago-garantia-la-florida-dpto-3-dorm-2-banos-1-est-_JM
La Florida,3612,https://departamento.mercadolibre.cl/MLC-1721787564-sin-pago-garantia-la-florida-dpto-3-dorm-2-banos-1-est-_JM
La Florida,3368,https://departamento.mercadolibre.cl/MLC-1678243414-departamento-en-arriendo-de-2-dorm-en-la-florida-_JM
La Florida,3133,https://departamento.mercadolibre.cl/MLC-1391916043-promocion-50-des-2d43-2b-est43bog-la-florida-_JM
La Granja,4032,https://departamento.mercadolibre.cl/MLC-1740378964-entrega-inmediata-3d2bestac-santa-ana-079-la-granja-_JM
La Granja,4034,https://departamento.mercadolibre.cl/MLC-1392760837-departamento-en-arriendo-en-la-granja-_JM
La Granja,4035,https://departamento.mercadolibre.cl/MLC-1391215051-arriendo-dpto-3d-2b-santa-rosa-la-granja-_JM
La Granja,4033,https://departamento.mercadolibre.cl/MLC-1393551871-rebajado-santa-ana-085-la-granja-p-19-de-santa-rosa-_JM
La Granja,4037,https://departamento.mercadolibre.cl/MLC-1695517562-1-dormitorio-estacionamiento-_JM
La Pintana,4052,https://departamento.mercadolibre.cl/MLC-1713600330-departamento-_JM
La Pintana,4051,https://departamento.mercadolibre.cl/MLC-1392785707-arriendo-departamento-en-condominio-cerrado-3dy-1b-_JM
La Pintana,4050,https://departamento.mercadolibre.cl/MLC-1391387759-edificio-avenida-santa-rosa-1-bod-vista-sur-piso-22-_JM
La Reina,4109,https://departamento.mercadolibre.cl/MLC-1730929376-arriendo-departamento-de-3d-y-2b-ernesto-hevia-5880-_JM
La Reina,4081,https://departamento.mercadolibre.cl/MLC-1391903515-excelente-depto-arriendo-la-canada-3d2b-_JM
La Reina,4069,https://departamento.mercadolibre.cl/MLC-1393021655-av-simon-bolivar-c421879-_JM
La Reina,4071,https://departamento.mercadolibre.cl/MLC-1393045451-av-simon-bolivar-c421630-_JM
La Reina,4129,https://departamento.mercadolibre.cl/MLC-1713766486-dpto-en-arriendo-sector-residencial-_JM
Lampa,4135,https://departamento.mercadolibre.cl/MLC-1743094786-se-arrienda-hermoso-departamento-en-santa-isabel-_JM
Lampa,4140,https://departamento.mercadolibre.cl/MLC-1390141493-lindo-departamento-laguna-norte-valle-grande-lampa-_JM
Lampa,4143,https://departamento.mercadolibre.cl/MLC-1721264130-arriendo-departamento-en-condominio-laguna-norte-_JM
Lampa,4142,https://departamento.mercadolibre.cl/MLC-1391937027-departamento-condominio-laguna-norte-lampa-_JM
Lampa,4141,https://departamento.mercadolibre.cl/MLC-1713960452-arriendo-departamento-valle-grande-lampa-_JM
Las Condes,5043,https://departamento.mercadolibre.cl/MLC-1723684604--oportunidad-colon-vespucio--_JM
Las Condes,5062,https://departamento.mercadolibre.cl/MLC-1661063752-vista-panoramica-el-golf-_JM
Las Condes,4926,https://departamento.mercadolibre.cl/MLC-1717976990-departamento-en-arriendo-de-3-dorm-en-las-condes-_JM
Las Condes,4982,https://departamento.mercadolibre.cl/MLC-1387537687--escuela-militar-felix-de-amesti--_JM
Las Condes,5018,https://departamento.mercadolibre.cl/MLC-1654309764-departamento-en-arriendo-5-dormitorios-las-condes-_JM
Lo Barnechea,5354,https://departamento.mercadolibre.cl/MLC-1670215296-la-parva-gran-departamento-semana-temporada-se-arrienda-_JM
Lo Barnechea,5740,https://departamento.mercadolibre.cl/MLC-1691539562-departamento-en-arriendo-de-4-dorm-en-el-colorado-_JM
Lo Barnechea,5766,https://departamento.mercadolibre.cl/MLC-1728894540-arriendo-depto-la-parva-recien-remodelado-_JM
Lo Barnechea,5322,https://departamento.mercadolibre.cl/MLC-1700178116-departamento-en-arriendo-en-lo-barnechea-_JM
Lo Barnechea,5639,https://departamento.mercadolibre.cl/MLC-1392253947-espectacular-departamento-_JM
Lo Prado,5792,https://departamento.mercadolibre.cl/MLC-1391632179-arriendo-de-departamento-3d1b-calle-waldo-taff-lo-prado-_JM
Lo Prado,5794,https://departamento.mercadolibre.cl/MLC-1385134001-arriendo-departamento-lo-prado-_JM
Lo Prado,5780,https://departamento.mercadolibre.cl/MLC-1655210532-depto-1-dormitorio-estacion-metro-ecuador-_JM
Lo Prado,5775,https://departamento.mercadolibre.cl/MLC-1614017274-arriendo-departamento-estacion-central-_JM
Lo Prado,5797,https://departamento.mercadolibre.cl/MLC-1743614732-arriendo-departamento-frente-a-metro-pajaritos-l1-_JM
Macul,6433,https://departamento.mercadolibre.cl/MLC-1706018490-habitacion-para-persona-sola-o-pareja-_JM
Macul,6077,https://departamento.mercadolibre.cl/MLC-1725072404-cerca-metro-quilin-_JM
Macul,6183,https://departamento.mercadolibre.cl/MLC-1727368990-departamento-amplios-espacios-en-los-industriales-con-p-vald-_JM
Macul,6145,https://departamento.mercadolibre.cl/MLC-1721180920-departamento-en-arriendo-en-macul-3d-2b-_JM
Macul,6178,https://departamento.mercadolibre.cl/MLC-1730622492-pedro-de-valdivia-_JM
Maipú,6575,https://departamento.mercadolibre.cl/MLC-1723802658-arriendo-depto-_JM
Maipú,6454,https://departamento.mercadolibre.cl/MLC-1736869910-departamento-en-arriendo-de-2-dorm-en-maipu-_JM
Maipú,6491,https://departamento.mercadolibre.cl/MLC-1384679039-departamento-en-arriendo-de-2-dorm-en-maipu-_JM
Maipú,6494,https://departamento.mercadolibre.cl/MLC-1382024049-departamento-en-arriendo-de-4-dorm-en-maipu-_JM
Maipú,6570,https://departamento.mercadolibre.cl/MLC-1710491708-amplios-departamentos-con-estacionamiento-y-bodega-_JM
Melipilla,6595,https://departamento.mercadolibre.cl/MLC-1389813703-arriendo-depto-_JM
Melipilla,6596,https://departamento.mercadolibre.cl/MLC-1706023050-se-arrienda-departamento-en-melipilla-_JM
Melipilla,6592,https://departamento.mercadolibre.cl/MLC-1385089483-centro-melipilla-exclusivos-deptos-nuevos-_JM
Melipilla,6593,https://departamento.mercadolibre.cl/MLC-1691114472-centro-melipilla-exclusivos-deptos-nuevos-_JM
Melipilla,6594,https://departamento.mercadolibre.cl/MLC-1690997956-centro-melipilla-exclusivos-deptos-nuevos-_JM
Padre Hurtado,6616,https://departamento.mercadolibre.cl/MLC-1387012427-depto-nuevo-con-estacionamiento-gastos-comunes-incluidos-_JM
Padre Hurtado,6614,https://departamento.mercadolibre.cl/MLC-1378562167-arriendo-departamento-3-dormitoriosestacionamiento-_JM
Padre Hurtado,6623,https://departamento.mercadolibre.cl/MLC-1740481186-arriendo-dpto-nuevo-semi-amoblado-3d-2b-y-estacionamiento-_JM
Padre Hurtado,6622,https://departamento.mercadolibre.cl/MLC-1392845485-depto-en-arriendo-3d-2bestacionamiento-_JM
Padre Hurtado,6598,https://departamento.mercadolibre.cl/MLC-1724945454-dpto-nuevo-condominio-san-alberto-padre-hurtado-_JM
Pedro Aguirre Cerda,6631,https://departamento.mercadolibre.cl/MLC-1719767474-dpto-metro-pacerda-2-dorm-grandes-1-estacionamiento-_JM
Pedro Aguirre Cerda,6632,https://departamento.mercadolibre.cl/MLC-1721787086-departamento-en-condominio-lago-ranco-_JM
Peñalolén,6695,https://departamento.mercadolibre.cl/MLC-1727903550-2-dormitorios-y-1-bano-_JM
Peñalolén,6692,https://departamento.mercadolibre.cl/MLC-1393402657-rotonda-grecia-2-dormitorios-en-remodelacion-_JM
Peñalolén,6657,https://departamento.mercadolibre.cl/MLC-1382043039-metro-macul-_JM
Peñalolén,6660,https://departamento.mercadolibre.cl/MLC-1684286080-departamento-arriendo-cercano-a-metro-las-torres-_JM
Peñalolén,6690,https://departamento.mercadolibre.cl/MLC-1394386805-dpto-3-dormitorios-estacionamiento-metro-grecia-_JM
Providencia,7075,https://departamento.mercadolibre.cl/MLC-1387917527-departamento-nuevo-a-estrenar-_JM
Providencia,7088,https://departamento.mercadolibre.cl/MLC-1391677841-arriendo-pieza-en-providencia-_JM
Providencia,7120,https://departamento.mercadolibre.cl/MLC-1391411627-departamento-en-arriendo-en-providencia-_JM
Providencia,6857,https://departamento.mercadolibre.cl/MLC-1745776638-departamento-en-arriendo-de-3-dorm-en-providencia-_JM
Providencia,7105,https://departamento.mercadolibre.cl/MLC-1713763906-eliodoro-yanez-metro-salvador-_JM
Pudahuel,7699,https://departamento.mercadolibre.cl/MLC-1736715466-arriendo-departamento-santiago-2d2b-_JM
Pudahuel,7703,https://departamento.mercadolibre.cl/MLC-1394709811-departamento-3-hab-2-banos-4249-_JM
Pudahuel,7708,https://departamento.mercadolibre.cl/MLC-1390362287-departamento-en-arriendo-de-2-dorm-en-pudahuel-_JM
Pudahuel,7713,https://departamento.mercadolibre.cl/MLC-1391886979-excelente-departamento-en-arriendo-cod-32-_JM
Pudahuel,7710,https://departamento.mercadolibre.cl/MLC-1388446211-departamento-en-arriendo-de-3-dorm-en-pudahuel-_JM
Puente Alto,7793,https://departamento.mercadolibre.cl/MLC-1733221436-se-arrienda-departamento-_JM
Puente Alto,7780,https://departamento.mercadolibre.cl/MLC-1718028038-arrienda-_JM
Puente Alto,7801,https://departamento.mercadolibre.cl/MLC-1388435801-departamento-interior-1-ambiente-todo-independiente-_JM
Puente Alto,7797,https://departamento.mercadolibre.cl/MLC-1692234478-arrienda-_JM
Puente Alto,7736,https://departamento.mercadolibre.cl/MLC-1743722600-departamento-troncal-san-francisco-id-104518-_JM
Quilicura,7821,https://departamento.mercadolibre.cl/MLC-1724497602-se-arrienda-departamento-ismael-briceno-quilicura-_JM
Quilicura,7819,https://departamento.mercadolibre.cl/MLC-1389796305-zona-lo-campino-arriendo-departamento-_JM
Quilicura,7829,https://departamento.mercadolibre.cl/MLC-1730620896-departamento-3-dormitorios-2-banos-sector-valle-lo-campino-_JM
Quilicura,7816,https://departamento.mercadolibre.cl/MLC-1384499227-ref11914-arriendo-depto-3d2bestacionamiento-pe-_JM
Quilicura,7809,https://departamento.mercadolibre.cl/MLC-1393356225-disp-inmediata-lo-campino-depto-3-dormitorios-whatsapp-_JM
Quinta Normal,7897,https://departamento.mercadolibre.cl/MLC-1393692081-promocion-amplio-y-comodo-depto-3-dorm-1-bano-_JM
Quinta Normal,8194,https://departamento.mercadolibre.cl/MLC-1385468453-ref173-paga-280x3meses-dpto-3d1b-quinta-normal-_JM
Quinta Normal,7977,https://departamento.mercadolibre.cl/MLC-1737802256-hermoso-departamento-perfectas-condiciones-_JM
Quinta Normal,8192,https://departamento.mercadolibre.cl/MLC-1393035215-departamento-a-pasos-de-general-velasquez-_JM
Quinta Normal,7831,https://departamento.mercadolibre.cl/MLC-1385456395-ref176-paga-280x3meses-dpto-3d1b-metro-quinta-no-_JM
Recoleta,8317,https://departamento.mercadolibre.cl/MLC-1389418249-departamento-loretodardignac-_JM
Recoleta,8402,https://departamento.mercadolibre.cl/MLC-1391647557-departamento-en-arriendo-de-1-dorm-en-recoleta-_JM
Recoleta,8413,https://departamento.mercadolibre.cl/MLC-1745511148-arriendo-departamento-en-calle-union-recoleta-_JM
Recoleta,8404,https://departamento.mercadolibre.cl/MLC-1745777842-arriendo-departamento-en-recoleta-santos-dumont-_JM
Recoleta,8474,https://departamento.mercadolibre.cl/MLC-1721794638-loreto-bellavista-1-d-1-b-promo-2-meses-_JM
Renca,8505,https://departamento.mercadolibre.cl/MLC-1392739947-se-arrienda-departamento-iluminado-buena-ubicacion-en-renca-_JM
Renca,8493,https://departamento.mercadolibre.cl/MLC-1638849510-departamento-en-arriendo-de-3-dormitorios-1-bano-en-renca-_JM
Renca,8489,https://departamento.mercadolibre.cl/MLC-1394651165-edificio-estrecho-de-magallanes-vista-sur-piso-5-_JM
Renca,8485,https://departamento.mercadolibre.cl/MLC-1745772594-edificio-estrecho-de-magallanes-vista-sur-piso-5-_JM
Renca,8486,https://departamento.mercadolibre.cl/MLC-1394624039-edificio-estrecho-de-magallanes-vista-sur-piso-5-_JM
San Bernardo,8543,https://departamento.mercadolibre.cl/MLC-1713056072-se-arrienda-depto-en-san-bernardo-_JM
San Bernardo,8549,https://departamento.mercadolibre.cl/MLC-1392698665-depto-arriendo-san-bernardo-3-d-1bano-primer-piso-excelente-_JM
San Bernardo,8532,https://departamento.mercadolibre.cl/MLC-1665338206-depto-3-dormitorios-almte-riveros-san-bernardo-_JM
San Bernardo,8564,https://departamento.mercadolibre.cl/MLC-1391245067-se-arrienda-departamento-en-gran-avenida-san-bernardo-_JM
San Bernardo,8522,https://departamento.mercadolibre.cl/MLC-1394678999-departamento-en-arriendo-de-3-dorm-en-san-bernardo-_JM
San Joaquín,8756,https://departamento.mercadolibre.cl/MLC-1714408316-amplio-y-comodo-departamento-familiar-_JM
San Joaquín,8608,https://departamento.mercadolibre.cl/MLC-1393268863-metro-rodrigo-de-araya-_JM
San Joaquín,8755,https://departamento.mercadolibre.cl/MLC-1386911547-acogedor-departamento-de-dos-dormitorios-_JM
San Joaquín,8729,https://departamento.mercadolibre.cl/MLC-1391221241-santa-rosa-2648-dcto-primeros-5-meses-_JM
San Joaquín,8644,https://departamento.mercadolibre.cl/MLC-1391246767-departamento-2d1b-con-estacionamiento-metro-rodrigo-araya-_JM
San Miguel,9210,https://departamento.mercadolibre.cl/MLC-1745402792-departamento-en-arriendo-de-1-dorm-en-san-miguel-_JM
San Miguel,9003,https://departamento.mercadolibre.cl/MLC-1393054625-arriendo-depto-con-40-off-primer-mes-incluye-estac-y-bodega-_JM
San Miguel,9272,https://departamento.mercadolibre.cl/MLC-1721284036-dpto-3h-1b-san-miguel-metro-ciudad-del-nino-_JM
San Miguel,8868,https://departamento.mercadolibre.cl/MLC-1387616237-aprovecha-30-descuento-primer-mes-arriendo-3-dormitorios-_JM
San Miguel,8992,https://departamento.mercadolibre.cl/MLC-1393557689-departamento-en-arriendo-de-4d3be-en-san-miguel-_JM
San Ramón,9785,https://departamento.mercadolibre.cl/MLC-1730728794-departamento-super-oferta-_JM
San Ramón,9783,https://departamento.mercadolibre.cl/MLC-1394715909-departamento-en-arriendo-centro-de-santiago-_JM
San Ramón,9786,https://departamento.mercadolibre.cl/MLC-1393629023-metro-nuble-_JM
San Ramón,9782,https://departamento.mercadolibre.cl/MLC-1734409980-amplio-depto-con-estacionamiento-santa-ana-_JM
San Ramón,9784,https://departamento.mercadolibre.cl/MLC-1739963974-depto-interior-a-pasos-de-av-santa-rosa-metro-santa-rosa-_JM
Santiago,10057,https://departamento.mercadolibre.cl/MLC-1727757356-aprovecha-30-descuento-primer-mes-arriendo-2d2b-santiago-_JM
Santiago,10031,https://departamento.mercadolibre.cl/MLC-1387638727-aprovecha-30-descuento-primer-mes-arriendo-1d1b-santiago-_JM
Santiago,10033,https://departamento.mercadolibre.cl/MLC-1699401418-aprovecha-30-descuento-primer-mes-arriendo-2d2b-santiago-_JM
Santiago,10548,https://departamento.mercadolibre.cl/MLC-1740407144-amplio-departamento-estilo-loft-en-arriendo-_JM
Santiago,10541,https://departamento.mercadolibre.cl/MLC-1733483256-ref13644-arriendo-dpto-1-dormitorio-1-bano-terraz-_JM
Talagante,10789,https://departamento.mercadolibre.cl/MLC-1389722853-excelente-oportunidad-de-arriendo-en-talagante-_JM
Talagante,10788,https://departamento.mercadolibre.cl/MLC-1721172824-departamento-en-arriendo-de-4-dorm-en-talagante-_JM
Talagante,10786,https://departamento.mercadolibre.cl/MLC-1382404481-se-arrienda-departamento-a-pasos-del-centro-comuna-talagante-_JM
Talagante,10787,https://departamento.mercadolibre.cl/MLC-1693979910-dpto-3-habitaciones-1-bano-estacionamiento-_JM
Talagante,10790,https://departamento.mercadolibre.cl/MLC-1392744821-depto-nuevo-3d-1b-e-_JM
Vitacura,10817,https://departamento.mercadolibre.cl/MLC-1699271336-habitacion-para-estudiante-vitacuraalianza-francesa-_JM
Vitacura,11224,https://departamento.mercadolibre.cl/MLC-1678479186-sector-nueva-costanera-o-brien-_JM
Vitacura,11310,https://departamento.mercadolibre.cl/MLC-1387221441-departamento-alonso-de-cordova-vitacuranueva-costanera-_JM
Vitacura,11134,https://departamento.mercadolibre.cl/MLC-1382385487-amplio-departamento-con-vista-preciosa-en-vitacura-_JM
Vitacura,11170,https://departamento.mercadolibre.cl/MLC-1386588309-departamento-en-arriendo-2-dorm-en-vespucio-norte-_JM
Ñuñoa,11794,https://departamento.mercadolibre.cl/MLC-1393607161-arriendo-home-studio-zanartu-incluye-servicios-_JM
Ñuñoa,12504,https://departamento.mercadolibre.cl/MLC-1716318358-arriendo-home-studio-zanartu-incluye-servicios-_JM
Ñuñoa,11958,https://departamento.mercadolibre.cl/MLC-1736707602-departamento-en-arriendo-de-2-dorm-en-nunoa-_JM
Ñuñoa,12645,https://departamento.mercadolibre.cl/MLC-1729964862-san-eugenio-metro-nuble-_JM
Ñuñoa,12470,https://departamento.mercadolibre.cl/MLC-1383529907-excelente-depto-3d2b-jorque-washington-plaza-nunoa-_JM
